<?xml version="1.0" encoding="UTF-8" standalone="yes"?>
<addon id="repository.ZadarEU" name="ZadarEU" version="1.0" provider-name="ZadarTeam">
    <extension point="xbmc.addon.repository" name="ZadarEU Repository">
        <dir>
            <info compressed="false">https://raw.githubusercontent.com/ZadarEU/repository/main/zips/addons.xml</info>
            <checksum>https://raw.githubusercontent.com/ZadarEU/repository/main/zips/addons.xml.md5</checksum>
            <datadir zip="true">https://github.com/ZadarEU/repository/tree/main/zips</datadir>
        </dir>
    </extension>
    <extension point="xbmc.addon.metadata">
        <summary>ZadarEU</summary>
        <description>ZadarEU</description>
        <disclaimer></disclaimer>
        <platform>all</platform>
        <assets>
            <icon>icon.png</icon>
            <fanart>fanart.jpg</fanart>
        </assets>
    </extension>
</addon>